{"KspC": [-11382.436074365682, 140.73200935076747, 100.77555738994965, 5.10276403359478, 2.8231401754960137, -26.197315518978808, 5.648960719782249, -71.73820409169768, -3.029964604113203, -11.671069517342213, 124.82037588461017, 219.5362021704136, -29.439311390537988, 7.806382775856573, -78.0599603896888, 0.0006860595956124085, -0.9578483258606336, -12.988001333629612, 15.237460959912156, 50.45939274797743, 24.99192075012076, 0.00047953105061537826, -0.796836387782232, -0.00029662224506699086, -0.002659568609757912, 0.02455474833769955, -6.412219518024866, 0.4298968275092241, 1.9026367939629374, -19.869047799303004, 5.021830986606801e-07, -0.0009202352166752803, -0.009487770891450253, 0.015612849521289718, 0.030564323457603848, 0.017087739552437142, 185.79983796201856, 11.154281247821089, 13.726056302405755, -159.0300972025385, -0.0001430567550073647, 0.2247858199242856, 2.7822652143897173, -3.586122635294766, -10.599123254125434, -5.354729531135881, 3.3615350503168884e-08, -0.00037143313419107926, -0.0004477626505945409, 0.0288747852899931, 0.05031041130638414, 0.024707528269839685, 0.3097100700891474, 0.8912913125294355, 0.8547079044236217, 0.27230740004270926], "KspA": [-11382.436074365682, 140.73200935076747, 100.77555738994965, 5.10276403359478, 2.8231401754960137, -26.197315518978808, 5.648960719782249, -71.73820409169768, -3.029964604113203, -11.671069517342213, 124.82037588461017, 219.5362021704136, -29.439311390537988, 7.806382775856573, -78.0599603896888, 0.0006860595956124085, -0.9578483258606336, -12.988001333629612, 15.237460959912156, 50.45939274797743, 24.99192075012076, 0.00047953105061537826, -0.796836387782232, -0.00029662224506699086, -0.002659568609757912, 0.02455474833769955, -6.412219518024866, 0.4298968275092241, 1.9026367939629374, -19.869047799303004, 5.021830986606801e-07, -0.0009202352166752803, -0.009487770891450253, 0.015612849521289718, 0.030564323457603848, 0.017087739552437142, 185.79983796201856, 11.154281247821089, 13.726056302405755, -159.0300972025385, -0.0001430567550073647, 0.2247858199242856, 2.7822652143897173, -3.586122635294766, -10.599123254125434, -5.354729531135881, 3.3615350503168884e-08, -0.00037143313419107926, -0.0004477626505945409, 0.0288747852899931, 0.05031041130638414, 0.024707528269839685, 0.3097100700891474, 0.8912913125294355, 0.8547079044236217, 0.27230740004270926], "K1": [-6.375767433781466, 1.0788891658525663, 1.1460966753690836, 1.0858581099529048, -1.8968938902457273, 2.808455290700407, -0.05375238190230834, -2.180177242717178, 0.20313145615573835, 8.952620914481464, -13.185226108433673, 2.3242522801691634, 1.4748749054485193, -5.620432623110524, 8.300640672535444, 2.2419463777898596e-05, -3.4937512197876, -3.7951380867521554, 5.214384191898454, 13.397560890816496, 9.36394983352401, -2.7963038073952617e-06, 0.00694581037104125, 1.9506934884108143e-05, 0.0017859021710322845, -0.002635523095611547, 0.46187830807162844, -0.028779001538975543, -1.4282735299810532, 2.1040472483315438, 2.0061331262866133e-08, -0.0025062290175217328, -0.002654663000047547, 0.003735169866986965, 0.009520336410348662, 0.006636735789680492, 0.9263140751331305, -0.7053941492468194, -11.335803735049256, 16.66620402062029, -5.743468981744826e-06, 0.7449691564582555, 0.8057385349327344, -1.1095029181095288, -2.848638574785965, -1.9910896731648657, 2.1355377022302946e-08, 4.621331912768589e-05, -3.5308417427160066e-05, -0.00018548138777013667, -0.0001800458878107314, 3.316741756997921e-05, -0.00010965446960900516, -3.7946900348043155e-05, -6.591367066668963e-05, -0.00014100288208611367], "K2": [-11354.339047862664, 140.4830516119963, 100.63478983099482, 5.092518367014335, 2.9614313302398445, -25.975168112824687, 5.629602821541592, -71.77392321804822, -3.0273712075287893, -12.365082547503617, 123.74414199848661, 219.2161555917957, -29.40874303337727, 8.212968990799794, -77.40229325146271, 0.0006811574666633147, -0.8250161241437259, -13.357788668231926, 7.3531649229122635, 49.45505960368756, 1.3422882277377703, 0.00047808218559453053, -0.794172242381201, -0.00029639712936024853, -0.002810897781046151, 0.024339192000510934, -6.3504807676239015, 0.4295345779059429, 2.015608188604977, -19.696434618354736, 5.120794384083638e-07, -0.0009027084131467689, -0.009780689762336259, -0.0384836964145876, -0.0716970166143085, -0.04920871785790126, 185.42297558592884, 11.143767666476663, 14.527618908494546, -157.70916732123155, -0.00014295738748160147, 0.20077179268478318, 2.8624370038687843, 0.9952769586377661, -4.6260343235298045, 2.2578493089178595, 1.7864095980257844e-08, -0.0003300238951098322, -0.00031380517752666037, -0.13916883394341006, -0.25587524317441357, -0.0957132127299225, 0.7770622771956829, 2.3198999179394324, 2.300291253645793, 0.7579543973725837], "KW": [29.845731361048006, -0.5926521499634623, -0.5041211591294138, 0.02682694150278518, -0.9328382861864657, 0.2714103052367589, -0.005168112409205106, 0.6571205829594841, 0.017276918569072704, 3.580310007911234, -1.118729996619245, -1.0422538254181126, 0.2513058927143868, -2.810433147325994, 0.8107024143400294, -0.002234089861044343, -2.5581929587654915, -1.9411669230249666, 100.66973100979828, 67.42727829813171, 17.88451995640663, -9.280357592955646e-07, 0.0008902458574975916, 1.150273468164828e-06, 0.0002981075575457792, -0.0001422277094818014, -0.08007010122713601, -0.002318396020525096, -0.5167055994837609, 0.16918314189361394, -1.4706680304676922e-06, -0.0022811607774939624, -0.001086334948518397, 0.021801643769052248, -0.0049725717875332975, 0.010243229885119831, -0.6700313834768368, -0.0857085716522219, -5.962535736289388, 1.6791160627139754, 0.00047917460566004877, 0.5986200609826984, 0.39217535997385156, -18.570819545374682, -11.5059629465458, -4.062919105790422, -1.262799589341057e-07, -0.0007746953201666074, -0.0002312408706108826, -0.21581539821453433, -0.1641648674392151, 0.0817400669159607, 1.6373220490756388, 2.916100134784398, 1.0015114823641156, -0.3815793758927559], "KB": [-39.22756550550324, 1.518378049393969, 1.40899895104911, 0.2831935549976067, -0.10655425809135266, -0.2528193535001555, -0.02904658750398805, -2.098806495291855, -0.0012853408043410706, 2.6983204170711206, 3.4435143568505246, 2.7484198522912995, -0.14855291988069613, -0.6670439240333816, -1.1591387827867732, 0.00011645223268820944, 0.8352549749392623, 0.8345773266132667, 1300.141072755421, 3067.9784222556136, 1706.5105435142293, -9.535800130633376e-07, 0.00354833136524625, 2.1324514130118552e-08, 0.0008932267423008566, 0.0009170656519206233, 0.3759907691646865, 0.0001413752945910729, -0.46695998711619513, -0.5730454070098226, 8.30283248820507e-08, 0.0005183266205124326, 0.0006124551360371377, 0.927462493137682, 2.2038600817040788, 1.2404144621659725, 1.224891780886594, 0.021615971404372658, -2.6248546653669393, -3.8668437079237883, -2.5337911779388378e-05, -0.1683524618873662, -0.17078166243311443, -277.07219323298756, -654.8378168852349, -365.2089698396484, 7.184655714809196e-08, -5.709543486887014e-05, -2.9673988564127285e-05, 0.16510462274882798, 0.5011499028462367, 0.38128227687866456, 5.815315169271615, 26.22584275857346, 39.29086737166482, 19.614882474756072],